Employee ID,Name,goals,objectives,responsibilities,work_quality,productivity,attitude,scores
1000,Yash,4,6,8,1,7,3,48.33333333
1001,Prit,0,4,7,5,8,10,56.66666667
1002,Meet,9,9,0,8,5,0,51.66666667
1001,Drashti,9,1,3,1,5,9,46.66666667
1002,Saloni,6,0,10,8,1,4,48.33333333
1003,Hinal,0,6,3,0,7,0,26.66666667
1002,Jay,9,10,8,4,9,9,81.66666667
1003,Darshana,7,3,8,9,1,8,60
1004,Hardik,4,9,5,8,8,7,68.33333333
1003,Janvi,9,2,5,0,3,1,33.33333333
1004,Ronak,0,3,5,10,3,9,50
1005,Naman,10,5,2,7,6,1,51.66666667
1004,Khyati,4,4,9,9,0,4,50
1005,Sikha,4,6,3,0,3,8,40
1006,Minal,7,0,8,6,10,4,58.33333333
1005,Milan,5,9,10,9,4,5,70
1006,Kaushik,2,1,3,10,6,6,46.66666667
1007,Smit,5,6,5,8,7,0,51.66666667
1006,Ravina,4,4,4,2,3,0,28.33333333
1007,Priti,8,3,4,5,0,5,41.66666667
1008,Hetal,6,3,7,4,1,10,51.66666667
1007,Pooja,0,1,10,4,6,10,51.66666667
1008,Kishan,0,0,9,6,8,1,40
1009,Akshar,5,9,2,1,5,3,41.66666667
1008,Akshay,9,7,0,8,9,5,63.33333333
1009,Radhika,9,3,7,3,10,8,66.66666667
1010,Riya,1,2,10,0,4,4,35
1009,Komal,6,4,0,3,8,3,40
1010,Mihir,0,1,4,2,1,4,20
1011,kunjal,3,7,6,0,7,2,41.66666667
1010,Moxil,9,6,0,8,4,9,60
1011,Mona,1,1,5,5,4,1,28.33333333
1012,Bhavya,7,8,6,3,1,3,46.66666667
1011,Bhavika,10,8,9,2,3,10,70
1012,Rina,1,10,10,6,3,2,53.33333333
1013,Hetavi,7,5,10,0,0,4,43.33333333
1012,Manoj,7,0,7,1,3,1,31.66666667
1013,Raghav,5,0,1,6,10,4,43.33333333
1014,Gopal,2,3,9,3,3,4,40
1013,Jasmin,6,1,3,7,10,7,56.66666667
1014,Akshay,3,7,8,2,1,0,35
1015,Sweta,10,8,0,6,2,0,43.33333333
1014,Vidhi,7,5,0,7,8,8,58.33333333
1015,Nayan,5,7,6,10,10,4,70
1016,Prashant,6,0,4,7,1,7,41.66666667
1015,Sonal,10,3,3,5,8,1,50
1016,Bhavika,2,7,4,7,10,5,58.33333333
1017,Bhavik,8,2,6,9,8,5,63.33333333
1016,Manthan,2,9,10,5,7,0,55
1017,Preet,8,5,7,4,8,4,60
1018,Darpit,8,0,5,8,7,8,60
1017,Harsh,0,3,0,8,2,7,33.33333333
1018,Kashyap,3,3,6,9,4,5,50
1019,Bhautik,8,6,9,5,10,9,78.33333333
1018,Dhruv,9,6,0,10,0,1,43.33333333
1019,Ishva,5,9,1,10,2,7,56.66666667
1020,Mitesh,5,10,1,4,9,1,50
1019,Denish,0,1,1,2,8,9,35
1020,Abhi,8,7,5,4,8,1,55
1021,Jenish,3,6,1,4,7,7,46.66666667
1020,Jenny,9,0,8,5,0,5,45
1021,Dhruvi,9,5,0,7,8,0,48.33333333
1022,Margi,7,9,8,8,0,7,65
1021,Kajal,5,6,4,4,1,2,36.66666667
1022,Mital,8,2,7,3,0,6,43.33333333
1023,Nevil,0,9,6,8,5,10,63.33333333
1022,Krishna,2,9,1,0,7,9,46.66666667
1023,Krishna,2,6,5,2,4,2,35
1024,Dhavni,8,9,0,3,4,3,45
1023,Hemanshi,7,10,9,0,6,5,61.66666667
1024,Ishaan,1,9,8,3,9,7,61.66666667
1025,Shyla,8,7,1,0,5,7,46.66666667
1024,Amar,3,2,2,0,8,6,35
1025,Diya,2,1,1,3,2,10,31.66666667
1026,Divya,10,4,4,2,0,7,45
1025,Ananya,9,4,10,10,2,3,63.33333333
1026,Jaya,8,5,3,0,2,2,33.33333333
1027,Sana,3,10,3,3,4,9,53.33333333
1026,Anjali,8,4,1,9,10,8,66.66666667
1027,Aditi,9,5,3,4,10,1,53.33333333
1028,Nikhil,10,8,0,6,6,5,58.33333333
1027,Shaan,4,9,3,9,4,5,56.66666667
1028,Sahil,0,8,2,0,2,7,31.66666667
1029,Darsh,10,0,1,0,2,2,25
1028,Ashwin,8,3,6,10,4,0,51.66666667
1029,Deven,1,7,6,5,2,0,35
1030,Shaila,2,9,6,9,7,3,60
1029,Salina,10,10,0,0,7,9,60
1030,Varun,9,8,8,10,6,10,85
1031,Devi,10,3,8,10,9,1,68.33333333
1030,Dhara,7,9,2,9,9,4,66.66666667
1031,Akhilesh,0,5,1,6,3,10,41.66666667
1032,Sunil,8,9,1,10,2,6,60
1031,Rajiv,10,0,0,9,1,0,33.33333333
1032,Bhanu,0,0,2,1,7,1,18.33333333
1033,Abhishek,3,7,8,5,7,10,66.66666667
1032,Abhimanyu,5,7,3,9,6,1,51.66666667
1033,Abhiman,4,5,5,6,6,4,50
1034,Bharat,7,2,2,3,2,4,33.33333333
1033,Ila,9,3,10,5,0,7,56.66666667
1034,Manisha,9,3,2,2,10,3,48.33333333
1035,Harshvi,1,10,0,10,10,6,61.66666667
1034,Harshav,2,3,3,6,8,6,46.66666667
1035,Anshu,9,7,10,9,2,2,65
1036,Shanti,2,7,8,10,9,4,66.66666667
1035,Hanshika,9,7,1,10,6,1,56.66666667
1036,Kamala,8,2,10,4,3,4,51.66666667
1037,Anuradha,9,10,9,9,5,2,73.33333333
1036,Dev,3,6,3,4,3,7,43.33333333
1037,Devendra,8,6,9,1,6,8,63.33333333
1038,Avinash,9,1,6,2,10,1,48.33333333
1037,Darsha,0,3,4,9,9,6,51.66666667
1038,Janak,6,0,3,7,0,6,36.66666667
1039,Chandani,2,7,6,0,5,7,45
1038,Mohan,9,3,2,10,0,6,50
1039,Laxmi,6,6,10,8,1,6,61.66666667
1040,Leela,4,4,2,7,10,8,58.33333333
1039,Abhay,2,5,0,4,8,3,36.66666667
1040,Alok,2,5,5,10,9,7,63.33333333
1041,Shalini,8,1,5,0,1,5,33.33333333
1040,Shivani,1,8,2,9,1,1,36.66666667
1041,Mansi,6,4,6,8,2,2,46.66666667
1042,Mazida,8,10,2,9,3,8,66.66666667
1041,Meena,1,6,9,8,3,6,55
1042,Hina,1,3,0,0,9,6,31.66666667
1043,Anita,3,5,1,3,4,5,35
1042,Balaraj,0,10,10,9,9,7,75
1043,Sharad,3,5,10,4,8,10,66.66666667
1044,Amit,5,8,7,7,1,1,48.33333333
1043,Sanjay,8,0,0,8,5,8,48.33333333
1044,Vikram,1,0,9,10,5,8,55
1045,Ram kumar,7,2,0,1,3,5,30
1044,Rohit,4,2,5,7,2,4,40
1045,Santosh,2,7,4,2,3,0,30
1046,Isha,5,7,1,6,2,4,41.66666667
1045,Sonam,7,5,6,10,6,1,58.33333333
1046,shakshi,7,6,1,5,10,4,55
1047,Sagar,6,4,2,4,3,1,33.33333333
1046,Neetu,0,9,1,3,3,5,35
1047,Prathamesh,4,1,10,0,7,9,51.66666667
1048,Sanjana,10,6,8,7,10,3,73.33333333
1047,Sneha,6,3,9,8,9,7,70
1048,Snehal,5,7,6,9,9,5,68.33333333
1049,Sanyukta,10,7,0,2,7,6,53.33333333
1048,Mohit,4,6,9,2,1,4,43.33333333
1049,Rohan,6,6,1,1,7,4,41.66666667
1050,Rehan,3,7,6,5,8,1,50
1049,Vaishaki,10,0,4,4,5,6,48.33333333
1050,Kanika,10,7,10,2,9,8,76.66666667
1051,Kareena,6,7,8,5,5,2,55
1050,Katrina,4,5,4,3,10,8,56.66666667
1051,Salman,10,1,1,2,8,1,38.33333333
1052,Abhijit,7,6,9,9,9,5,75
1051,Daya,0,9,4,9,0,1,38.33333333
1052,Jethalal,4,10,6,3,5,8,60
1053,Babita,2,5,10,0,7,10,56.66666667
1052,Iyer,2,2,8,3,7,5,45
1053,Vijay,7,2,1,7,5,8,50
1054,Roshan,0,10,10,5,3,3,51.66666667
1053,Reena,4,9,6,8,5,1,55
1054,Neha,4,4,1,0,0,9,30
1055,Pranjali,8,1,4,1,9,9,53.33333333
1054,Rushabh,1,2,2,5,2,9,35
1055,Hrutik,9,4,1,8,1,0,38.33333333
1056,Khushboo,0,0,7,7,9,1,40
1055,Khushi,3,7,6,2,10,8,60
1056,Jyoti,0,6,6,6,9,6,55
1057,Rekha,5,8,8,1,2,3,45
1056,Tina,9,8,5,0,8,1,51.66666667
1057,Varsha,8,1,6,3,8,4,50
1058,Pravin,10,5,10,7,0,8,66.66666667
1057,Prince,1,9,0,0,2,9,35
1058,Prem,7,0,2,4,8,3,40
1059,Anand,3,1,0,7,4,9,40
1058,Kavita,3,4,3,7,4,3,40
1059,Ruta,3,4,4,9,2,4,43.33333333
1060,Ritu,7,6,0,0,1,4,30
1059,Swamini,7,1,2,9,10,3,53.33333333
1060,Kadambari,8,0,9,0,2,2,35
1061,Priyanka,6,7,4,9,9,0,58.33333333
1060,Champa,6,10,10,5,8,9,80
1061,Ashu,4,8,4,6,2,0,40
1062,Monika,1,9,3,4,3,4,40
1061,Ketki,0,0,7,7,7,8,48.33333333
1062,Nihar,4,0,8,2,7,6,45
1063,Hanuman,8,0,8,1,10,1,46.66666667
1062,Anirudh,3,6,10,7,3,5,56.66666667
1063,Sahil,10,0,7,1,9,1,46.66666667
1064,Reet,8,3,2,6,5,10,56.66666667
1063,Riya,8,6,1,5,7,1,46.66666667
1064,Dinesh,1,9,2,8,10,0,50
1065,Mukesh,9,9,8,6,8,1,68.33333333
1064,Nilesha,5,1,6,4,0,4,33.33333333
1065,Gulabsing,10,10,1,10,9,10,83.33333333
1066,Leena,6,0,7,3,9,3,46.66666667
1065,Vertaj,6,10,4,2,9,9,66.66666667
1066,Siddhesh,10,1,2,5,9,10,61.66666667
1067,Riddhi,6,10,5,4,10,9,73.33333333
1066,Siddhi,6,7,9,6,6,0,56.66666667
1067,Ruchita,8,8,9,2,9,6,70
1068,Satyam,3,7,5,3,4,5,45
1067,Pragnesh,6,9,4,1,0,8,46.66666667
1068,Jignesh,6,10,0,2,8,5,51.66666667
1069,Gulam,7,4,7,0,6,8,53.33333333
1068,Shiv,0,2,9,9,9,8,61.66666667
1069,Deep,3,3,0,10,10,2,46.66666667
1070,Shivam,6,9,7,4,4,5,58.33333333
1069,Parth,5,2,3,1,2,1,23.33333333
1070,Dharam,10,5,4,3,10,6,63.33333333
1071,Saurbh,10,3,2,4,9,8,60
1070,Pankaj,2,5,1,4,8,7,45
1071,Ritesh,6,2,5,1,0,3,28.33333333
1072,Sumit,0,7,10,1,10,0,46.66666667
1071,Vivek,9,6,7,10,6,0,63.33333333
1072,Tejas,8,1,3,5,5,8,50
1073,Sarthak,9,9,10,2,2,6,63.33333333
1072,Preeti,3,6,8,7,6,5,58.33333333
1073,Himmat,3,10,5,6,4,3,51.66666667
1074,Hinal,8,10,7,10,1,10,76.66666667
1073,Atharva,4,3,2,7,7,0,38.33333333
1074,Sarvesh,5,7,7,10,8,7,73.33333333
1075,Pratik,10,6,3,7,9,8,71.66666667
1074,Tanmay,7,10,7,10,8,7,81.66666667
1075,Sanjiv,3,6,5,5,3,5,45
1076,Poonam,7,3,6,6,8,5,58.33333333
1075,Soumya,6,9,6,1,4,3,48.33333333
1076,Rushikesh,9,7,5,3,3,8,58.33333333
1077,Nishit,8,4,10,0,6,1,48.33333333
1076,Priya,8,10,2,5,3,6,56.66666667
1077,shashank,3,6,1,8,9,4,51.66666667
1078,Tooba,7,4,0,5,10,1,45
1077,Ruby,7,9,7,9,7,6,75
1078,Purvi,8,3,0,8,4,7,50
1079,Sheetal,9,1,2,0,3,0,25
1078,Shraddhesh,5,8,5,5,9,5,61.66666667
1079,Kalyani,2,0,3,5,3,7,33.33333333
1080,Heet,0,7,8,3,5,10,55
1079,Heer,5,6,2,0,5,0,30
1080,Anushri,10,7,4,4,3,0,46.66666667
1081,Eram,9,10,2,9,2,3,58.33333333
1080,Sanket,1,6,7,5,9,9,61.66666667
1081,Sudhir,6,9,3,9,6,1,56.66666667
1082,Aakansha,8,2,5,3,7,8,55
1081,Jash,7,8,2,4,1,5,45
1082,Sayandip,6,10,10,9,3,8,76.66666667
1083,Faikha,6,3,2,4,0,0,25
1082,Jitesh,0,10,7,3,3,4,45
1083,Anshul,7,4,5,0,1,8,41.66666667
1084,Sumedh,4,1,3,6,0,9,38.33333333
1083,Satyarth,4,8,8,6,5,5,60
1084,Deepa,0,2,10,8,3,6,48.33333333
1085,Harsha,1,9,7,5,8,2,53.33333333
1084,Harsh,2,6,7,10,5,9,65
1085,Krishma,6,3,3,8,3,0,38.33333333
1086,Savita,0,7,4,2,7,0,33.33333333
1085,Rajan,1,10,2,7,9,5,56.66666667
1086,Noopur,0,10,8,5,2,6,51.66666667
1087,Ayush,10,0,9,3,6,0,46.66666667
1086,Kriti,4,0,9,1,1,5,33.33333333
1087,Nikita,8,8,7,2,5,6,60
1088,Mushk,10,10,10,6,9,5,83.33333333
1087,Rakhi,6,1,6,10,1,0,40
1088,Mamta,3,7,5,0,6,1,36.66666667
1089,Adarsh,0,3,8,4,8,2,41.66666667
1088,Ishan,6,9,6,5,4,0,50
1089,Janki,3,3,9,2,0,2,31.66666667
1090,Nitesh,4,0,5,7,3,1,33.33333333
1089,Sohini,8,3,7,2,8,5,55
1090,Rinku,3,6,8,8,8,4,61.66666667
1091,Doly,5,6,1,1,10,3,43.33333333
1090,Pavan,1,2,4,8,2,5,36.66666667
1091,Utsav,1,8,0,10,0,6,41.66666667
1092,Madhura,9,4,5,10,0,8,60
1091,Swati,6,0,9,8,0,2,41.66666667
1092,Viren,1,1,9,3,8,2,40
1093,Amita,7,9,8,10,5,5,73.33333333
1092,Reena,1,10,3,10,3,2,48.33333333
1093,Nimesh,4,2,9,2,0,1,30
1094,Pallavi,3,5,8,2,6,2,43.33333333
1093,Mayuresh,5,0,4,8,6,1,40
1094,Dimpal,9,2,5,0,6,10,53.33333333
1095,Alisha,6,10,4,2,6,4,53.33333333
1094,Zaid,3,1,5,2,2,7,33.33333333
1095,Misbah,10,5,6,9,8,2,66.66666667
1096,Jinal,9,9,9,4,0,7,63.33333333
1095,Nilam,9,1,4,7,0,4,41.66666667
1096,Ruchi,10,8,9,6,4,3,66.66666667
1097,Raj,7,1,4,6,3,8,48.33333333
1096,Usha,8,9,7,4,10,10,80
1097,Omkar,4,0,9,9,6,10,63.33333333
1098,Lalita,6,10,3,4,10,8,68.33333333
1097,Seema,0,6,9,9,4,0,46.66666667
1098,Mahesh,7,8,2,0,2,3,36.66666667
1099,Roshini,4,10,5,5,1,9,56.66666667
1098,Geeta,10,5,10,10,9,0,73.33333333
1099,Narendra,3,4,0,8,4,5,40
1100,Shenaz,9,2,10,7,1,2,51.66666667
1099,Kaustubh,9,2,0,7,8,0,43.33333333
1100,Anuja,3,1,9,10,4,7,56.66666667
1101,Kiran,7,5,8,2,6,9,61.66666667
1100,Rajni,4,9,3,10,3,8,61.66666667
1101,Arnav,1,10,2,6,7,3,48.33333333
1102,Palak,7,6,3,8,2,4,50
1101,Kamla,2,10,3,8,2,0,41.66666667
1102,Noor,0,3,0,1,0,8,20
1103,Saroj,7,1,0,3,2,6,31.66666667
1102,Dipika,9,4,9,8,4,2,60
1103,Shivam,9,3,6,1,0,5,40
1104,Ramnik,3,9,5,8,1,0,43.33333333
1103,Deepak,10,4,8,6,5,8,68.33333333
1104,Manoj,8,7,2,10,0,8,58.33333333
1105,Anshuman,7,5,5,3,10,5,58.33333333
1104,Shailesh,4,8,9,5,7,6,65
1105,Namira,4,3,7,10,7,2,55
1106,Rajesh,10,5,0,9,6,10,66.66666667
1105,Juhi,10,3,8,7,7,3,63.33333333
1106,Virti,9,5,9,4,7,2,60
1107,Raavi,3,4,7,5,6,10,58.33333333
1106,Ravi,6,10,9,0,5,5,58.33333333
1107,Manish,9,8,3,3,3,10,60
1108,Sunita,8,0,9,4,3,4,46.66666667
1107,Yashvi,1,10,9,3,5,8,60
1108,Div,0,10,3,7,6,8,56.66666667
1109,Taral,2,4,2,2,10,3,38.33333333
1108,Sarfarz,6,0,8,2,0,6,36.66666667
1109,Ali,9,4,1,0,3,2,31.66666667
1110,Rahul,1,0,1,0,8,5,25
1109,Yogita,0,7,1,0,4,4,26.66666667
1110,Rajendra,1,10,8,1,9,3,53.33333333
1111,devki,8,9,8,8,5,1,65
1110,Durga,6,0,10,8,6,9,65
1111,Sonya,5,3,1,4,6,3,36.66666667
1112,Rubina,10,9,8,5,3,6,68.33333333
1111,Sangeeta,1,4,5,6,8,10,56.66666667
1112,Nisha,2,9,2,3,7,0,38.33333333
1113,Nishant,7,10,1,2,4,2,43.33333333
1112,Sita,8,9,6,9,10,6,80
1113,Mahendra,0,4,9,1,9,10,55
1114,Sachin,7,1,10,1,6,1,43.33333333
1113,Ravindra,1,4,4,7,10,7,55
1114,Ambati,3,0,6,0,5,10,40
1115,Mohin,8,0,5,10,9,1,55
1114,Virat,10,5,10,7,3,9,73.33333333
1115,Ruturaj,8,10,7,10,2,2,65
1116,Bhawati,1,5,4,7,9,0,43.33333333
1115,Prasad,7,6,7,8,10,3,68.33333333
1116,Pinkesh,5,8,6,1,6,9,58.33333333
1117,Nitin,0,5,6,0,3,6,33.33333333
1116,Heet,10,8,7,9,9,9,86.66666667
1117,Zeel,1,2,3,3,2,8,31.66666667
1118,Rakesh,6,7,2,1,9,6,51.66666667
1117,Akshat,5,9,5,0,8,7,56.66666667
1118,Akshita,1,3,8,9,7,2,50
1119,Akshta,7,5,7,8,8,0,58.33333333
1118,Ronak,10,4,9,2,1,4,50
1119,Rinkesh,6,0,4,2,8,1,35
1120,Vansh,10,3,8,5,7,6,65
1119,Devansh,8,3,8,9,6,0,56.66666667
1120,Devanshi,9,7,0,0,2,3,35
1121,Pritesh,4,1,9,9,3,4,50
1120,Ramesh,5,0,0,7,3,10,41.66666667
1121,Anubhav,9,7,0,6,10,2,56.66666667
1122,Shlok,10,3,7,9,2,7,63.33333333
1121,Shloka,3,7,4,2,9,5,50
1122,Amaira,9,1,7,2,5,1,41.66666667
1123,Nvya,3,7,6,5,7,6,56.66666667
1122,Vinod,1,8,9,9,6,2,58.33333333
1123,Dugu,4,2,8,6,10,9,65
1124,Tarjan,3,3,2,9,10,6,55
1123,Delsi,10,4,5,0,1,8,46.66666667
1124,Daisy,3,10,8,5,6,4,60
1125,Grace,4,8,7,8,2,0,48.33333333
1124,Charmi,10,10,10,8,7,1,76.66666667
1125,Vipul,0,2,3,0,5,4,23.33333333
1126,Veer,10,1,8,0,2,3,40
1125,Vipin,4,10,5,5,3,8,58.33333333
1126,Nayan,8,7,6,5,4,7,61.66666667
1127,Jatin,0,3,10,10,1,0,40
1126,Shadab,0,0,8,9,1,8,43.33333333
1127,Kabir,8,0,5,0,8,4,41.66666667
1128,Farhan,7,7,7,8,8,1,63.33333333
1127,Sabir,9,6,10,6,5,8,73.33333333
1128,Rishi,8,6,1,2,4,2,38.33333333
1129,Virendra,9,5,7,4,7,7,65
1128,Disha,7,8,5,1,5,0,43.33333333
1129,Saifali,10,0,1,1,2,2,26.66666667
1130,Darshil,0,1,9,0,1,9,33.33333333
1129,Rutava,1,0,6,0,6,0,21.66666667
1130,Tripti,8,7,9,9,2,9,73.33333333
1131,Trupti,1,8,1,4,6,4,40
1130,Trupal,2,7,5,0,8,2,40
1131,Sheela,7,6,2,2,3,6,43.33333333
1132,Sakshi,5,2,7,10,9,6,65
1131,Kalpit,4,8,8,0,9,6,58.33333333
1132,Ashmin,9,0,3,10,6,4,53.33333333
1133,Gulshan,2,10,10,1,7,4,56.66666667
1132,Parveen,8,5,8,10,7,4,70
1133,Monark,7,8,4,7,4,5,58.33333333
1134,Jitendra,9,1,5,8,4,8,58.33333333
1133,Afifa,2,0,4,8,10,4,46.66666667
1134,Akhsita,0,1,3,5,2,8,31.66666667
1135,Urja,2,8,8,2,9,1,50
1134,Bhumi,9,1,1,1,2,3,28.33333333
1135,Simmy,4,2,3,6,10,9,56.66666667
1136,Chahat,4,7,3,1,0,2,28.33333333
1135,Dhanvarsha,1,3,1,8,9,10,53.33333333
1136,Sandhya,2,0,4,5,4,0,25
1137,Dhruvesh,10,9,10,3,7,6,75
1136,Gurdeep,9,1,8,2,8,6,56.66666667
1137,Ranju,2,4,0,2,6,8,36.66666667
1138,Ekta,0,4,8,3,6,5,43.33333333
1137,Payal,8,2,4,0,5,3,36.66666667
1138,Foram,9,0,5,2,3,1,33.33333333
1139,Sonya,2,0,5,8,1,1,28.33333333
1138,Vimla,4,5,3,10,8,6,60
1139,Suman,6,6,1,10,9,1,55
1140,Dipal,8,10,6,2,1,1,46.66666667
1139,Sitaram,9,8,9,9,4,3,70
1140,Pinki,9,1,2,6,7,7,53.33333333
1141,Het,0,0,10,9,3,9,51.66666667
1140,Pinku,1,6,2,5,9,1,40
1141,Honey,10,3,2,10,3,2,50
1142,Jasbi,5,4,0,0,7,10,43.33333333
1141,Madhvi,10,1,7,9,7,7,68.33333333
1142,Ruksana,2,5,10,7,4,0,46.66666667
1143,Om,3,6,7,5,6,5,53.33333333
1142,Dixit,9,7,1,10,10,2,65
1143,Dixita,5,5,5,6,3,1,41.66666667
1144,Robin,7,2,8,2,5,2,43.33333333
1143,Devki,3,2,1,0,4,1,18.33333333
1144,Priyanshi,6,2,0,3,4,1,26.66666667
1145,Aditya,7,10,0,3,2,6,46.66666667
1144,Rashmi,0,1,5,4,2,1,21.66666667
1145,Manan,3,3,9,6,10,9,66.66666667
1146,Shahid,8,6,8,10,2,6,66.66666667
1145,Vandna,7,3,8,0,6,1,41.66666667
1146,Farida,8,6,10,5,10,2,68.33333333
1147,Suhasini,3,8,1,7,1,9,48.33333333
1146,Asha,8,0,9,4,2,1,40
1147,Sharmila,3,6,8,8,6,5,60
1148,Hina,2,8,2,7,3,5,45
1147,Gutam,3,7,0,8,4,9,51.66666667
1148,Jainam,6,4,7,7,10,10,73.33333333
1149,Mox,3,2,9,3,1,7,41.66666667
1148,Durgesh,8,9,3,0,2,9,51.66666667
1149,Brijesh,4,9,6,10,6,3,63.33333333
1150,Sprash,3,4,8,1,8,4,46.66666667
1149,Punit,7,5,0,10,9,6,61.66666667
1150,Gurmit,3,10,9,8,9,1,66.66666667
1151,Gurpreet,6,1,5,4,0,8,40
1150,Siddhu,2,4,5,9,8,10,63.33333333
1151,Dharam,2,9,4,0,8,3,43.33333333
1152,Kejrival,8,1,1,4,7,8,48.33333333
1151,Pritam,6,8,2,10,6,1,55
1152,Devinder,2,10,3,7,5,5,53.33333333
1153,Raman,8,9,3,5,1,9,58.33333333
1152,Gajendra,6,10,6,10,5,6,71.66666667
1153,Atullah,6,8,5,8,8,3,63.33333333
1154,Hemlata,2,8,8,8,6,3,58.33333333
1153,Rihana,0,3,4,5,7,7,43.33333333
1154,Deepa,6,7,4,8,3,10,63.33333333
1155,Dipali,3,3,10,1,3,6,43.33333333
1154,Sabnam,3,9,2,6,2,5,45
1155,Anjum,6,3,4,7,5,2,45
1156,Utkarsh,10,8,6,7,5,6,70
1155,Mansi,2,7,3,6,9,9,60
1156,Baani,1,3,6,6,3,0,31.66666667
1157,Vaani,5,2,7,5,3,10,53.33333333
1156,Bansi,2,0,3,5,1,0,18.33333333
1157,Chintan,2,2,10,1,6,9,50
1158,Trusha,0,2,4,4,8,7,41.66666667
1157,Panth,7,5,7,0,0,2,35
1158,Avnish,6,4,6,1,1,6,40
1159,Jensi,6,3,4,8,0,8,48.33333333
1158,Rensi,8,6,3,7,3,7,56.66666667
1159,Rakshit,6,7,2,4,0,8,45
1160,Nensi,0,8,2,10,5,4,48.33333333
1159,Mansi,1,2,1,7,7,7,41.66666667
1160,Shubham,10,2,0,10,3,5,50
1161,Henil,3,6,9,9,7,7,68.33333333
1160,Kirti,6,5,7,3,9,7,61.66666667
1161,Vatsal,6,0,9,9,7,0,51.66666667
1162,Shrut,5,9,7,10,8,0,65
1161,Dhruvin,6,7,0,4,10,5,53.33333333
1162,Namrata,3,10,3,9,6,0,51.66666667
1163,Darshika,6,4,1,4,8,8,51.66666667
1162,Krunal,5,8,2,3,9,5,53.33333333
1163,Shreya,6,10,6,10,8,10,83.33333333
1164,Darshil,4,5,10,6,3,10,63.33333333
1163,Aarsh,10,2,3,1,3,8,45
1164,Abhik,0,8,8,5,1,10,53.33333333
1165,Romi,4,7,6,10,3,3,55
1164,Prutha,1,5,3,7,4,3,38.33333333
1165,Lipsa,10,7,0,8,4,7,60
1166,Dishank,7,10,3,2,1,4,45
1165,Vihana,3,2,3,6,9,10,55
1166,Nemil,3,3,2,10,10,6,56.66666667
1167,Krupali,2,3,3,10,4,10,53.33333333
1166,Dipen,2,10,9,7,0,7,58.33333333
1167,Preksha,7,3,0,8,1,8,45
1168,Naishar,1,7,7,1,1,0,28.33333333
1167,Shrey,5,0,1,6,1,1,23.33333333
1168,Jal,2,1,8,0,0,5,26.66666667
1169,Samir,0,4,9,5,5,5,46.66666667
1168,keval,2,7,3,10,5,6,55
1169,Ravi,8,5,8,10,7,5,71.66666667
1170,Rakshita,7,8,4,2,10,0,51.66666667
1169,Shobha,4,3,0,2,1,9,31.66666667
1170,Shweta,0,6,1,9,10,7,55
1171,Riya,0,6,6,3,1,7,38.33333333
1170,Nia,0,10,7,8,9,1,58.33333333
1171,Shini,6,6,8,3,2,3,46.66666667
1172,Dhara,9,4,5,1,1,6,43.33333333
1171,Vrunda,10,3,0,1,7,5,43.33333333
1172,Yesha,8,9,4,9,8,0,63.33333333
1173,trish,8,10,6,10,3,5,70
1172,Satish,1,4,0,4,10,8,45
1173,Sejal,8,4,8,8,2,8,63.33333333
1174,Gargi,10,5,2,6,4,0,45
1173,Fenil,5,9,3,6,5,4,53.33333333
1174,Mital,1,2,9,3,5,9,48.33333333
1175,Jalpa,3,3,6,4,10,7,55
1174,Hiren,7,6,3,10,6,9,68.33333333
1175,Nirali,9,9,7,9,6,7,78.33333333
1176,Apruva,10,8,3,1,4,2,46.66666667
1175,Sonu,6,8,1,2,9,2,46.66666667
1176,Purbi,1,0,8,7,3,8,45
1177,Shamil,10,8,2,4,7,0,51.66666667
1176,Amisha,7,10,10,7,2,6,70
1177,Urvisha,7,6,10,9,1,4,61.66666667
1178,Urvush,3,10,5,0,6,7,51.66666667
1177,Sweta,5,3,6,0,9,6,48.33333333
1178,Natasha,8,6,4,10,1,8,61.66666667
1179,Heetu,9,2,0,4,0,8,38.33333333
1178,Tanvi,6,10,8,1,0,0,41.66666667
1179,Naina,10,1,10,3,3,7,56.66666667
1180,Dhaval,7,9,10,10,4,10,83.33333333
1179,Vishruti,10,4,6,8,4,3,58.33333333
1180,Nadiya,2,10,1,7,10,3,55
1181,Astha,4,4,3,4,3,3,35
1180,Chaya,3,7,9,10,5,9,71.66666667
1181,Sakila,2,1,6,9,9,3,50
1182,Radha,1,8,3,6,2,0,33.33333333
1181,Neha,6,1,2,7,8,0,40
1182,Mira,10,6,5,4,6,1,53.33333333
1183,Swti,1,4,2,0,6,2,25
1182,Dhvani,3,7,9,9,2,1,51.66666667
1183,Minal,0,6,5,5,8,2,43.33333333
1184,Kashvi,0,10,2,9,7,7,58.33333333
1183,Maya,2,4,9,1,4,4,40
1184,Kaliksha,2,3,3,4,8,9,48.33333333
1185,Ishani,1,9,6,4,7,2,48.33333333
1184,Monik,10,1,4,0,1,2,30
1185,Twinkal,1,8,4,10,7,6,60
1186,Shruja,2,10,9,4,0,9,56.66666667
1185,Rupa,4,10,2,4,1,5,43.33333333
1186,Tarang,0,4,5,5,9,1,40
1187,Nikhil,0,2,9,0,4,9,40
1186,Daxit,10,8,0,2,2,1,38.33333333
1187,Army,4,9,10,4,5,5,61.66666667
1188,Surbhi,7,3,9,6,0,4,48.33333333
1187,Hetul,7,3,6,3,5,4,46.66666667
1188,Shreena,8,5,3,5,6,2,48.33333333
1189,Palav,3,2,6,10,2,3,43.33333333
1188,Shyam,4,1,10,6,10,10,68.33333333
1189,Divyesh,9,1,2,1,0,3,26.66666667
1190,Gopi,0,4,5,1,8,8,43.33333333
1189,Hardi,1,10,4,7,9,10,68.33333333
1190,Bhakti,8,2,0,5,0,6,35
1191,Man,2,5,5,7,1,7,45
1190,Metri,1,2,10,0,5,3,35
1191,Alka,4,0,8,7,10,4,55
1192,Juneb,4,2,9,6,5,1,45
1191,Romil,7,8,4,1,4,3,45
1192,Ankit,3,2,10,1,8,4,46.66666667
1193,Anandi,4,0,1,6,0,1,20
1192,Vrutika,8,1,8,9,1,5,53.33333333
1193,Dhrumin,7,9,9,10,5,3,71.66666667
1194,Muskan,0,10,0,4,5,5,40
1193,Rikesh,7,5,7,0,1,5,41.66666667
1194,Yagnik,5,1,8,8,3,10,58.33333333
1195,Yuvi,10,7,3,9,10,8,78.33333333
1194,Yuvaraj,1,3,10,5,3,10,53.33333333
1195,Manav,2,1,4,7,6,7,45
1196,Grishma,3,3,2,3,10,6,45
1195,Brinda,1,4,5,2,2,0,23.33333333
1196,Jaydeep,6,2,7,5,8,0,46.66666667
1197,Yug,7,0,9,4,10,8,63.33333333
1196,Pari,2,8,7,1,7,7,53.33333333
1197,Keyur,9,9,6,7,5,5,68.33333333
1198,Akash,1,8,3,2,4,9,45
1197,Vidhi,5,1,8,10,10,2,60
1198,Vidhisha,7,1,1,9,4,6,46.66666667
1199,Jimy,8,3,0,10,2,2,41.66666667
1198,Bhadresh,0,3,7,0,0,10,33.33333333
1199,Amiras,2,2,3,6,7,4,40
1200,Zenil,3,9,3,8,2,3,46.66666667
1199,Kanchan,10,7,10,1,6,4,63.33333333
1200,Sapana,1,9,9,5,3,9,60
1201,Feni,7,7,2,2,8,0,43.33333333
1200,Rajshree,7,5,9,5,0,9,58.33333333
1201,Swarupa,8,8,2,1,1,4,40
1202,Dipsa,7,10,2,10,4,4,61.66666667
1201,Cherish,9,5,0,1,0,3,30
1202,Rita,8,2,6,7,1,1,41.66666667
1203,Vaishali,4,6,1,0,2,0,21.66666667
1202,Himanshi,6,7,10,3,10,6,70
1203,Harihar,9,1,6,10,5,0,51.66666667
1204,Ruchit,7,3,2,10,0,10,53.33333333
1203,Noor,0,1,1,8,8,5,38.33333333
1204,Anmol,1,3,8,6,6,2,43.33333333
1205,Gaytri,3,8,2,10,8,4,58.33333333
1204,Shrushti,0,5,5,9,2,6,45
1205,Akshar,3,2,8,10,9,3,58.33333333
1206,Shivanya,4,2,0,8,8,0,36.66666667
1205,Unique,0,0,4,3,5,10,36.66666667
1206,Rujal,8,7,4,9,7,7,70
1207,Gulista,8,0,0,10,7,6,51.66666667
1206,Raghav,0,1,5,2,10,5,38.33333333
1207,Goral,3,7,3,8,0,5,43.33333333
1208,Jayraj,0,2,5,0,6,5,30
1207,Prashant,7,3,10,3,4,5,53.33333333
1208,Sanskar,10,5,9,2,6,7,65
1209,Femina,6,10,7,4,9,9,75
1208,Shayra,0,4,5,7,2,0,30
1209,Sandy,9,3,4,8,10,1,58.33333333
1210,Vrushal,6,6,8,9,4,9,70
1209,Bhavin,10,0,3,2,1,1,28.33333333
1210,Kamlesh,10,2,4,3,10,6,58.33333333
1211,Kinal,4,6,6,5,0,9,50
1210,Avira,1,8,3,5,4,7,46.66666667
1211,Karan,4,8,1,3,5,6,45
1212,Jogsingh,4,8,7,0,7,1,45
1211,Rinku,7,8,5,9,0,0,48.33333333
1212,Nirmla,6,3,3,6,2,5,41.66666667
1213,Kuldeep,2,7,8,3,0,6,43.33333333
1212,Sapan,5,10,5,1,3,3,45
1213,Bhaudeep,10,1,8,6,6,5,60
1214,Zarana,5,7,3,2,7,1,41.66666667
1213,Reema,3,0,7,3,7,6,43.33333333
1214,Mayur,7,0,6,9,8,2,53.33333333
1215,Danika,10,1,8,2,1,10,53.33333333
1214,Sillam,4,1,5,8,1,6,41.66666667
1215,Varun,9,9,5,4,10,9,76.66666667
1216,Harshid,1,7,6,1,6,1,36.66666667
1215,Risha,2,1,10,2,2,5,36.66666667
1216,Banasri,5,3,8,0,0,6,36.66666667
1217,Fiona,4,2,3,5,0,4,30
1216,Chitranjali,10,5,9,2,8,3,61.66666667
1217,Kriyesha,7,0,7,3,3,9,48.33333333
1218,Dravya,6,0,3,9,6,9,55
1217,Nagma,6,8,8,8,7,3,66.66666667
1218,Upena,9,4,4,7,0,9,55
1219,Varni,8,7,6,0,5,0,43.33333333
1218,kruti,8,4,7,8,10,0,61.66666667
1219,Diaa,0,0,1,2,7,1,18.33333333
1220,Vandan,0,1,10,0,3,3,28.33333333
1219,Karishma,0,1,4,3,1,5,23.33333333
1220,Sunny,5,8,4,2,3,7,48.33333333
1221,Siyaahi,8,1,2,7,9,5,53.33333333
1220,Manpreet,6,6,0,1,4,8,41.66666667
1221,Hiari,8,8,1,7,1,1,43.33333333
1222,Binjal,6,7,4,1,1,0,31.66666667
1221,Yami,5,8,1,9,7,1,51.66666667
1222,Sindu,8,4,0,7,1,5,41.66666667
1223,Binny,2,5,8,5,10,10,66.66666667
1222,Srisa,2,9,1,1,4,4,35
1223,Ritika,3,9,6,9,3,3,55
1224,Niyati,5,8,1,7,10,5,60
1223,Barkha,0,0,8,1,8,9,43.33333333
1224,Chitra,6,0,10,4,7,1,46.66666667
1225,Meghana,10,7,2,0,6,9,56.66666667
1224,Mishti,5,4,5,0,2,7,38.33333333
1225,Vrushali,3,5,5,2,6,9,50
1226,Rushali,5,6,0,9,10,4,56.66666667
1225,Itee,9,9,4,8,1,1,53.33333333
1226,Hiti,6,1,0,6,8,5,43.33333333
1227,Brinza,9,2,9,2,5,5,53.33333333
1226,Nisha,9,6,10,6,7,1,65
1227,Mrunal,7,6,4,2,8,4,51.66666667
1228,Zeeya,8,1,7,3,6,7,53.33333333
1227,Misri,9,0,2,10,3,6,50
1228,Zeenat,9,0,8,6,3,5,51.66666667
1229,Darpan,1,10,6,7,0,0,40
1228,koral,5,6,3,6,10,3,55
1229,Ankush,4,7,1,10,4,10,60
1230,Chakshu,5,8,7,3,5,9,61.66666667
1229,Tasarika,5,3,3,0,0,3,23.33333333
1230,Taanishka,3,3,7,0,3,1,28.33333333
1231,kumud,9,1,0,10,8,3,51.66666667
1230,Trisha,8,1,7,5,6,7,56.66666667
1231,Margi,7,10,6,8,0,7,63.33333333
1232,Charu,1,1,5,3,7,10,45
1231,Charan,7,4,2,2,0,7,36.66666667
1232,Manas,5,0,5,1,2,4,28.33333333
1233,Kesha,1,8,9,8,4,7,61.66666667
1232,Diyara,0,4,8,6,7,7,53.33333333
1233,Kirthi,2,5,0,8,5,5,41.66666667
1234,Arman,1,0,5,8,2,9,41.66666667
1233,Masumi,3,10,0,2,0,5,33.33333333
1234,Purvam,3,6,10,0,10,5,56.66666667
1235,Naresh,10,3,8,9,4,0,56.66666667
1234,Radhey,3,2,4,5,9,0,38.33333333
1235,Shreyon,3,3,0,0,6,3,25
1236,Vinay,0,0,2,10,4,0,26.66666667
1235,Vineet,1,0,2,4,4,2,21.66666667
1236,Garima,0,10,6,7,1,3,45
1237,Vimal,9,2,1,0,6,6,40
1236,Shivaagna,2,9,10,0,0,5,43.33333333
1237,Tejaswini,5,5,0,10,10,6,60
1238,Lavnya,1,6,3,9,1,1,35
1237,Pal,8,3,1,6,4,9,51.66666667
1238,Tyani,8,10,2,3,3,2,46.66666667
1239,Sanchet,8,4,1,1,6,7,45
1238,Aftab,10,7,1,9,1,4,53.33333333
1239,Zarin,1,4,0,9,0,8,36.66666667
1240,Biren,0,1,2,7,3,3,26.66666667
1239,Vicky,5,7,8,0,3,7,50
1240,Karishmaashita,1,1,0,1,0,8,18.33333333
1241,Miloni,0,0,10,9,9,1,48.33333333
1240,Aruni,3,6,9,10,0,8,60
1241,Pranali,5,9,6,8,8,9,75
1242,Monali,3,5,6,8,2,3,45
1241,Yogi,7,4,2,0,3,0,26.66666667
1242,Sonam,1,4,6,7,5,10,55
1243,Akhtar,10,10,1,2,5,6,56.66666667
1242,Prapti,9,3,0,5,6,7,50
1243,Bhoomik,5,3,5,8,4,8,55
1244,Nirav,6,10,4,5,2,8,58.33333333
1243,Chirag,8,3,5,0,8,2,43.33333333
1244,Kundan,7,6,9,3,3,6,56.66666667
1245,Aditi,6,5,8,9,7,1,60
1244,Ajay,6,10,2,10,9,0,61.66666667
1245,Yusuf,7,3,5,3,9,1,46.66666667
1246,Irfan,4,0,7,7,7,2,45
1245,Yogesh,10,9,0,1,3,1,40
1246,Yashraj,3,6,0,8,3,9,48.33333333
1247,Arisfa,7,4,6,3,6,1,45
1246,Yagnesh,3,0,1,1,5,1,18.33333333
1247,Diva,1,2,10,6,9,5,55
1248,Haresh,1,0,1,3,2,0,11.66666667
1247,Nadim,4,6,9,3,7,5,56.66666667
1248,Imran,8,4,4,1,4,3,40
1249,Venish,2,8,4,7,0,5,43.33333333
1248,Salim,0,5,0,4,3,9,35
1249,Vraj,7,8,7,6,9,6,71.66666667
1250,Shaikh,0,10,2,6,10,2,50
1249,Vithal,8,8,7,8,0,8,65
1250,Vishrut,0,0,3,7,6,7,38.33333333
1251,Vishal,8,5,8,8,7,3,65
1250,Krushang,0,6,5,9,1,8,48.33333333
1251,Vrushang,6,10,9,8,2,10,75
1252,Viral,10,8,6,8,2,2,60
1251,Shrishti,2,10,2,4,6,0,40
1252,Bharti,8,6,2,6,1,8,51.66666667
1253,Chitra,3,3,7,6,2,6,45
1252,Lalita,6,10,10,6,5,4,68.33333333
1253,Vanita,6,3,4,0,9,1,38.33333333
1254,Rajni,8,0,8,4,10,5,58.33333333
1253,Dolly,0,10,10,8,3,0,51.66666667
1254,Poonam,5,10,10,4,9,6,73.33333333
1255,Dimpal,6,5,8,0,10,3,53.33333333
1254,Veera,8,8,9,1,8,0,56.66666667
1255,Ankita,5,5,4,4,1,6,41.66666667
1256,Masum,1,5,9,0,10,5,50
1255,Jeenat,0,10,8,5,2,6,51.66666667
1256,Soniya,3,9,5,1,10,3,51.66666667
1257,Namrta,0,1,8,4,10,2,41.66666667
1256,Ridhima,5,10,7,10,6,1,65
1257,Smita,5,5,10,5,6,3,56.66666667
1258,Parwati,0,0,10,5,0,6,35
1257,Prema,0,10,9,9,7,7,70
1258,Nandini,6,8,1,6,2,10,55
1259,Kanta,4,6,10,3,9,1,55
1258,Vinu,10,1,8,10,3,3,58.33333333
1259,Rizwan,4,7,1,4,7,1,40
1260,Vashant,0,7,10,7,5,4,55
1259,Vanshika,4,9,7,0,6,6,53.33333333
1260,Vallabh,10,1,0,8,0,4,38.33333333
1261,Swastik,5,1,7,3,2,0,30
1260,Shraddha,9,7,9,8,4,5,70
1261,Pragati,9,10,3,0,5,3,50
1262,Bhavana,5,9,4,10,3,5,60
1261,Valaji,8,0,0,7,1,8,40
1262,Sagar,1,5,7,4,2,5,40
1263,Nirbhay,0,1,8,10,1,7,45
1262,Greengal,1,6,4,8,6,7,53.33333333
1263,Vakil,6,10,4,5,8,9,70
1264,Tulsi,0,9,7,9,7,3,58.33333333
1263,Upendra,5,6,3,2,1,5,36.66666667
1264,Neela,1,7,4,9,3,9,55
1265,Umesh,7,0,3,8,7,9,56.66666667
1264,Umang,6,4,7,8,10,4,65
1265,Uka,6,3,1,0,5,0,25
1266,Samita,2,8,4,3,7,9,55
1265,Tushar,8,2,4,0,5,2,35
1266,Ishavar,6,3,9,3,9,5,58.33333333
1267,Isavar,3,0,5,3,4,8,38.33333333
1266,Krish,2,6,8,6,4,4,50
1267,Krisha,6,6,8,6,1,4,51.66666667
1268,Piyush,5,3,2,4,5,9,46.66666667
1267,Piyushi,3,1,6,8,10,6,56.66666667
1268,Tirth,0,8,4,3,7,6,46.66666667
1269,Tosif,8,2,8,7,6,7,63.33333333
1268,Tikmlal,9,4,5,8,0,8,56.66666667
1269,Thakarshi,0,10,1,6,7,2,43.33333333
1270,Shaurya,3,1,4,1,2,8,31.66666667
1269,Sanadhya,6,1,7,0,1,3,30
1270,Prahlad,7,5,0,5,4,0,35
1271,Saurabha,2,7,6,7,1,0,38.33333333
1270,Swetang,5,4,2,7,9,7,56.66666667
1271,Kanika,10,9,1,8,4,7,65
1272,Susil,6,4,0,6,6,1,38.33333333
1271,Shakti,7,8,4,9,1,1,50
1272,Sudhir,6,10,4,0,4,9,55
1273,Namita,3,4,1,2,7,10,45
1272,Rajan,1,7,4,3,2,8,41.66666667
1273,Sonanshu,8,0,2,8,10,1,48.33333333
1274,Raj,8,4,7,3,1,6,48.33333333
1273,Savaji,4,9,9,4,4,7,61.66666667
1274,Vaibhav,1,6,7,10,10,3,61.66666667
1275,Paresh,6,7,9,2,4,6,56.66666667
1274,Mithil,4,4,4,8,10,9,65
1275,Mehul,6,10,1,6,7,9,65
1276,Madhvi,4,5,4,9,9,0,51.66666667
1275,Kalpesh,10,0,0,4,0,2,26.66666667
1276,Pakhi,7,6,9,7,4,9,70
1277,Jagdish,10,9,7,6,3,5,66.66666667
1276,Gopal,7,4,10,5,4,6,60
1277,Dayalal,8,9,10,1,3,10,68.33333333
1278,Bhimji,7,2,0,8,2,10,48.33333333
1277,Bhavik,7,3,0,0,9,8,45
1278,Aravid,10,2,7,3,9,5,60
1279,Sima,10,5,6,3,8,8,66.66666667
1278,Shusila,2,7,1,7,2,0,31.66666667
1279,Shahid,10,4,1,0,6,2,38.33333333
1280,Savan,3,1,5,7,7,6,48.33333333
1279,Saumil,5,10,2,0,7,8,53.33333333
1280,Sarang,3,10,2,1,2,6,40
1281,Sandip,0,7,8,4,5,8,53.33333333
1280,Sanat,10,4,0,10,9,4,61.66666667
1281,Samir,9,10,5,2,10,2,63.33333333
1282,Jigna,6,3,3,6,8,0,43.33333333
1281,Rushik,0,8,4,4,0,3,31.66666667
1282,Rinkesh,2,6,1,1,9,0,31.66666667
1283,Mahesh,3,2,6,0,9,2,36.66666667
1282,Pragti,5,7,2,2,9,7,53.33333333
1283,Amit,10,1,7,6,6,1,51.66666667
1284,Ranchod,1,8,0,1,5,2,28.33333333
1283,Ranjan,0,4,3,5,0,4,26.66666667
1284,Randip,0,8,6,9,9,10,70
1285,Ramlal,9,4,3,8,7,3,56.66666667
1284,Jenil,5,4,3,4,0,9,41.66666667
1285,Puna,7,7,9,5,0,9,61.66666667
1286,Prabhu,9,9,1,9,1,8,61.66666667
1285,Pragat,10,3,5,6,6,4,56.66666667
1286,Prachi,2,1,0,3,5,8,31.66666667
1287,Praful,5,3,10,7,2,7,56.66666667
1286,Popatlal,0,4,7,8,4,3,43.33333333
1287,Pinkesh,2,4,7,6,6,2,45
1288,Abdul,1,4,3,10,6,4,46.66666667
1287,Odha,7,2,10,8,3,2,53.33333333
1288,Jenish,6,7,6,1,8,0,46.66666667
1289,Nitesh,7,6,4,1,8,8,56.66666667
1288,Nita,2,9,8,0,0,9,46.66666667
1289,Niroj,3,8,3,2,0,0,26.66666667
1290,Nimesh,10,5,2,7,0,0,40
1289,Nilkanth,2,1,6,10,8,3,50
1290,Nikunj,10,0,9,10,7,2,63.33333333
1291,Nihal,4,1,7,10,0,4,43.33333333
1290,Nihar,3,8,0,10,10,3,56.66666667
1291,Neelay,7,8,10,10,7,1,71.66666667
1292,Nemish,4,7,8,7,7,5,63.33333333
1291,Neel,4,4,6,3,1,3,35
1292,Indra,10,7,1,1,0,3,36.66666667
1293,Manju,3,5,0,9,2,8,45
1292,Parul,10,0,4,7,3,6,50
1293,Tara,8,2,1,10,8,1,50
1294,Krishka,0,10,10,3,2,5,50
1293,Ilema,7,8,1,3,6,10,58.33333333
1294,Sahiba,6,4,3,10,0,10,55
1295,Chandni,5,3,7,9,8,6,63.33333333
1294,Bimla,10,8,2,1,9,2,53.33333333
1295,Maya,4,7,3,3,1,3,35
1296,Sarita,1,8,0,8,1,0,30
1295,Sukhbir,7,10,5,7,3,2,56.66666667
1296,Saveta,1,0,2,10,10,3,43.33333333
1297,Rani,9,10,1,10,10,9,81.66666667
1296,Kafia,6,7,9,4,7,7,66.66666667
1297,Minakshi,9,2,6,2,7,5,51.66666667
1298,Shabana,2,1,10,5,0,3,35
1297,Kinya,3,6,5,10,8,4,60
1298,Mumtaz,6,5,8,7,8,9,71.66666667
1299,Mohini,7,2,8,2,7,1,45
1298,Rupa,4,3,5,7,4,2,41.66666667
1299,Saroj,10,6,0,0,0,0,26.66666667
1300,Pushpa,6,9,10,4,3,0,53.33333333
1299,Imarana,9,4,6,6,1,4,50
1300,Kripya,0,0,10,7,1,8,43.33333333
1301,Chanchal,0,6,2,3,3,1,25
1300,Madhu,4,5,5,5,8,7,56.66666667
1301,Dhamishta,2,10,5,4,1,9,51.66666667
1302,Sonali,0,6,9,10,3,0,46.66666667
1301,Padma,4,10,5,3,8,8,63.33333333
1302,Jaya,0,4,10,8,8,10,66.66666667
1303,Sumitra,8,0,2,0,4,7,35
1302,Nathu,6,6,10,9,5,8,73.33333333
1303,Narsi,8,3,3,3,8,5,50
1304,Narayan,0,4,1,9,6,7,45
1303,Nanji,9,2,3,1,4,2,35
1304,Nagji,9,10,4,6,8,4,68.33333333
1305,Murili,3,0,9,10,7,7,60
1304,Bipin,8,0,2,6,6,2,40
1305,Ramji,9,3,9,9,5,3,63.33333333
1306,Miraj,10,6,4,5,8,4,61.66666667
1305,Mavji,9,2,0,10,2,8,51.66666667
1306,Manu,0,10,6,6,5,1,46.66666667
1307,Mansukh,5,7,8,2,7,4,55
1306,Manji,8,4,0,10,5,3,50
1307,Manhar,5,6,9,4,3,0,45
1308,Bhavin,3,2,0,6,4,10,41.66666667
1307,Lavaji,0,10,8,8,7,1,56.66666667
1308,Shubhas,5,1,6,3,5,7,45
1309,Labhu,8,4,5,5,4,0,43.33333333
1308,Kishor,6,5,0,6,9,3,48.33333333
1309,Kishan,9,3,1,7,10,8,63.33333333
1310,Kinjal,2,10,2,6,10,2,53.33333333
1309,Khushali,3,9,8,7,1,4,53.33333333
1310,Ashok,0,9,6,0,9,8,53.33333333
1311,Bhikha,5,1,9,8,6,9,63.33333333
1310,Kevin,1,4,4,8,5,3,41.66666667
1311,Keyur,2,9,8,5,5,4,55
1312,Ketan,3,7,6,0,5,4,41.66666667
1311,Hasmukh,8,10,7,2,3,2,53.33333333
1312,Kailash,0,10,0,4,2,4,33.33333333
1313,Kavita,0,4,2,2,3,2,21.66666667
1312,karsan,2,9,3,1,3,1,31.66666667
1313,Sanjay,1,8,0,0,5,1,25
1314,Karan,2,9,6,6,10,4,61.66666667
1313,Kapli,9,10,3,5,9,6,70
1314,Kamal,3,3,1,0,8,2,28.33333333
1315,Kalpana,7,5,9,6,1,10,63.33333333
1314,Jivraj,2,5,1,6,7,4,41.66666667
1315,Jivan,8,2,3,3,0,6,36.66666667
1316,Jitu,4,8,8,3,2,6,51.66666667
1315,Jigar,6,4,4,9,8,3,56.66666667
1316,Nayan,3,7,4,4,8,1,45
1317,Jasvant,8,7,2,4,6,6,55
1316,Vandna,9,10,9,1,6,10,75
1317,Kiran,1,6,4,2,6,3,36.66666667
1318,Gauri,1,9,9,3,10,2,56.66666667
1317,Arti,0,10,10,8,8,3,65
1318,Neetu,3,4,1,3,1,8,33.33333333
1319,Nurbi,0,10,5,0,8,5,46.66666667
1318,Hemlata,6,9,5,3,7,5,58.33333333
1319,Hemal,2,4,2,7,5,10,50
1320,Aditya,8,2,4,2,2,8,43.33333333
1319,Janu,3,9,3,4,5,4,46.66666667
1320,Kajol,9,9,10,3,1,0,53.33333333
1321,Parvti,4,7,4,9,7,10,68.33333333
1320,Rajeshwari,7,6,2,1,0,1,28.33333333
1321,Shaifali,0,9,10,10,10,1,66.66666667
1322,Tanya,7,10,6,4,5,5,61.66666667
1321,Nilam,1,10,4,7,4,1,45
1322,Hetavi,0,10,5,10,8,10,71.66666667
1323,Bhavdeep,7,2,10,5,5,7,60
1322,Diana,6,3,7,1,3,8,46.66666667
1323,Sonam,2,5,8,3,9,7,56.66666667
1324,Sukhmani,7,8,0,10,4,6,58.33333333
1323,Kiaraa,4,1,10,10,6,2,55
1324,Alia,9,8,6,7,10,10,83.33333333
1325,Satpal,7,8,8,3,0,3,48.33333333
1324,Ram,5,1,5,1,2,5,31.66666667
1325,Parash,1,8,1,4,7,6,45
1326,Mustaq,1,10,8,6,1,6,53.33333333
1325,Bilal,8,10,8,7,4,9,76.66666667
1326,Jitendra,8,8,10,0,4,3,55
1327,Inder,4,5,4,9,10,3,58.33333333
1326,Shakib,8,6,4,2,9,5,56.66666667
1327,Divaraj,8,8,2,10,9,4,68.33333333
1328,Abhinav,0,2,1,7,2,1,21.66666667
1327,Vrajana,1,7,3,4,10,2,45
1328,Harshita,1,10,6,9,4,4,56.66666667
1329,Medha,0,2,0,5,1,7,25
1328,Bushraa,10,6,10,7,2,3,63.33333333
1329,Evaa,4,8,5,0,7,2,43.33333333
1330,Azruddin,4,6,3,2,5,8,46.66666667
1329,Mushir,10,6,0,5,6,2,48.33333333
1330,Avneet,0,7,5,1,6,8,45
1331,Chitranshi,5,3,8,4,3,6,48.33333333
1330,Govindh,8,10,7,5,0,3,55
1331,Govind,3,8,7,8,1,6,55
1332,Vasundhara,7,7,10,3,10,1,63.33333333
1331,Sakshi,10,2,4,7,2,1,43.33333333
1332,Ashi,2,0,10,3,9,4,46.66666667
1333,Anushka,7,1,2,2,3,9,40
1332,Moni,0,3,5,5,10,1,40
1333,Avatar,2,4,10,1,1,2,33.33333333
1334,Gaffar,0,6,7,8,3,6,50
1333,Deepak,8,3,2,3,0,7,38.33333333
1334,Lalit,4,7,8,4,10,1,56.66666667
1335,Brij,10,6,1,8,6,4,58.33333333
1334,Subhash,6,7,1,2,1,2,31.66666667
1335,Nishant,3,2,2,10,4,3,40
1336,Shekhar,1,1,6,3,8,1,33.33333333
1335,Hardeep,0,5,0,10,6,6,45
1336,Twarita,8,3,10,0,1,8,50
1337,Samreen,6,7,0,2,9,4,46.66666667
1336,Aayushi,5,7,3,6,10,2,55
1337,Neha,10,5,4,5,10,9,71.66666667
1338,Diksha,1,1,4,3,1,1,18.33333333
1337,Veerji,9,4,10,3,3,4,55
1338,Esha,9,0,10,6,2,5,53.33333333
1339,Kiara,8,6,7,5,3,3,53.33333333
1338,Sonal,6,10,1,3,6,4,50
1339,Mahira,7,10,5,7,5,8,70
1340,Sonalika,10,9,4,10,5,0,63.33333333
1339,Ragini,1,5,3,8,4,2,38.33333333
1340,Roopa,7,6,6,8,7,6,66.66666667
1341,Anup,2,6,7,3,6,6,50
1340,Aamir,4,2,3,5,7,0,35
1341,Aasif,4,1,7,6,5,6,48.33333333
1342,Abir,7,9,6,2,2,1,45
1341,Ali,0,4,6,8,6,3,45
1342,Anas,1,6,7,10,1,10,58.33333333
1343,Juhi,2,3,5,4,10,6,50
1342,Smriti,7,9,6,6,7,2,61.66666667
1343,Mouli,10,9,7,10,10,9,91.66666667
1344,Urvshi,9,3,7,10,4,0,55
1343,Jennifer,0,9,10,1,10,3,55
1344,Shilpa,0,1,2,9,6,8,43.33333333
1345,Aamna,0,2,8,10,2,0,36.66666667
1344,Anang,1,4,1,0,3,8,28.33333333
1345,Apurva,8,9,10,10,10,9,93.33333333
1346,Arhaan,7,2,7,4,5,4,48.33333333
1345,Arijit,7,6,3,8,8,2,56.66666667
1346,Arjit,9,7,3,7,2,6,56.66666667
1347,Arjun,7,8,0,0,6,6,45
1346,Arpit,10,2,2,4,0,9,45
1347,Barun,6,0,5,2,6,7,43.33333333
1348,Deven,2,2,6,5,3,0,30
1347,Rashami,2,1,0,4,6,3,26.66666667
1348,Sara,0,5,7,3,5,6,43.33333333
1349,Sukirti,1,6,0,9,8,7,51.66666667
1348,Madhurima,1,5,0,6,2,0,23.33333333
1349,Sanaya,3,8,8,7,9,4,65
1350,Sriti,10,6,5,6,0,4,51.66666667
1349,Hina,5,2,4,1,1,1,23.33333333
1350,Hiba,6,8,8,1,4,10,61.66666667
1351,Avika,8,7,6,2,5,0,46.66666667
1350,Mahima,4,10,6,2,8,9,65
1351,Runina,2,8,9,5,4,6,56.66666667
1352,Mugdha,8,4,7,9,4,10,70
1351,Dilip,4,0,10,1,7,10,53.33333333
1352,Gautam,6,7,1,8,5,6,55
1353,Gaurav,8,1,3,9,7,10,63.33333333
1352,Gurmeet,2,9,9,6,4,10,66.66666667
1353,Harsh,10,9,2,10,7,0,63.33333333
1354,Harshad,10,3,5,2,4,3,45
1353,Hiten,1,8,6,5,1,0,35
1354,Himanshu,6,8,2,6,8,8,63.33333333
1355,Jimit,10,9,4,1,9,7,66.66666667
1354,Karmveer,7,10,3,7,7,5,65
1355,Karanvir,5,0,4,1,3,0,21.66666667
1356,Kinshuk,4,9,3,2,10,6,56.66666667
1355,Sharda,10,3,6,4,1,1,41.66666667
1356,Kunal,4,6,3,3,0,5,35
1357,Giaa,10,8,5,2,7,10,70
1356,Adaa,5,4,1,9,0,6,41.66666667
1357,Pratyusha,1,2,5,6,0,1,25
1358,Rucha,5,8,9,0,4,1,45
1357,Yukti,4,3,3,7,4,5,43.33333333
1358,Nia,10,3,3,1,5,8,50
1359,Surbhi,2,10,8,2,9,10,68.33333333
1358,Gulki,1,4,8,2,6,10,51.66666667
1359,Shrenu,8,6,1,1,3,5,40
1360,Amrapali,7,4,7,9,3,4,56.66666667
1359,Toral,4,10,6,4,5,1,50
1360,Preetika,10,0,9,1,1,0,35
1361,Laksh,6,8,6,6,10,5,68.33333333
1360,lavanya,4,1,5,1,4,5,33.33333333
1361,Leenesh,8,8,6,4,4,0,50
1362,Radhika,10,7,6,6,10,4,71.66666667
1361,Samiksha,7,9,6,1,5,7,58.33333333
1362,Sheen,1,0,7,2,0,6,26.66666667
1363,Erica,3,1,6,3,0,1,23.33333333
1362,Ashi,3,7,7,3,1,0,35
1363,Rhea,7,0,0,6,0,2,25
1364,Manav,10,1,7,6,2,8,56.66666667
1363,Mamik,0,8,7,10,10,3,63.33333333
1364,Mishal,6,5,2,5,1,4,38.33333333
1365,Iqbal,4,2,10,9,1,10,60
1364,Nazim,0,5,5,0,6,6,36.66666667
1365,Malik,7,2,2,4,1,4,33.33333333
1366,Nakuul,3,4,2,7,3,9,46.66666667
1365,Namik,4,4,7,6,9,2,53.33333333
1366,Namit,3,4,5,7,10,0,48.33333333
1367,Rishikaa,9,1,7,5,0,10,53.33333333
1366,Mayuri,10,4,9,9,6,6,73.33333333
1367,Nikki,10,5,9,4,3,10,68.33333333
1368,Param,4,4,5,6,1,2,36.66666667
1367,Paras,4,5,7,8,3,4,51.66666667
1368,Puneet,4,10,4,10,10,4,70
1369,Rahil,6,5,0,10,6,5,53.33333333
1368,Rajat,5,1,3,1,2,2,23.33333333
1369,Rajeev,0,0,9,3,3,1,26.66666667
1370,Randeep,6,7,9,10,0,0,53.33333333
1369,Ronit,8,5,8,6,3,1,51.66666667
1370,Mehtab,0,2,1,8,5,5,35
1371,Bibbo,6,10,4,8,9,0,61.66666667
1370,Devika,0,4,3,4,1,5,28.33333333
1371,Shobhna,6,6,9,8,4,0,55
1372,jamuna,9,10,3,3,1,8,56.66666667
1371,Sitara,0,5,2,3,4,7,35
1372,Shanta,1,5,5,9,3,10,55
1373,Sadhana,1,9,6,3,9,0,46.66666667
1372,Nalini,6,1,6,1,10,9,55
1373,Meena,10,1,9,7,0,2,48.33333333
1374,Swaran,4,5,9,1,2,4,41.66666667
1373,Suraiya,3,5,1,0,5,4,30
1374,Asha,2,6,0,2,9,6,41.66666667
1375,Noor,2,6,9,9,6,8,66.66666667
1374,Sehban,4,2,4,2,6,1,31.66666667
1375,Siddhant,7,9,6,1,2,5,50
1376,Shah Rukh,3,10,0,9,1,9,53.33333333
1375,Shantanu,9,4,0,3,9,6,51.66666667
1376,Shivaji,10,3,1,8,8,4,56.66666667
1377,Sumedh,6,10,7,4,3,7,61.66666667
1376,Varun,2,7,4,3,6,0,36.66666667
1377,Madhubala,8,0,2,4,5,3,36.66666667
1378,Uma,6,3,7,9,7,0,53.33333333
1377,Kamini,1,10,3,0,2,1,28.33333333
1378,Nimmi,1,9,2,6,3,8,48.33333333
1379,Shakila,3,3,5,9,7,6,55
1378,Shammi,8,10,8,8,1,4,65
1379,Bhanumati,9,5,5,3,10,8,66.66666667
1380,Nirupa,5,7,6,8,10,4,66.66666667
1379,Nutan,7,0,6,1,1,2,28.33333333
1380,Bina,2,6,9,8,8,10,71.66666667
1381,Nadira,8,8,3,7,8,9,71.66666667
1380,Vivian,1,9,8,3,6,6,55
1381,Zain,8,7,10,1,1,3,50
1382,Sushant,3,8,10,8,7,7,71.66666667
1381,Tiger,0,10,9,8,2,0,48.33333333
1382,Vir,10,7,0,7,5,5,56.66666667
1383,Hrithik,7,7,10,9,5,6,73.33333333
1382,Shahid,2,9,5,4,0,8,46.66666667
1383,Ranveer,2,8,6,0,8,8,53.33333333
1384,Taaha,2,6,0,6,3,8,41.66666667
1383,Ameeta,10,1,4,3,2,5,41.66666667
1384,Shyama,8,10,0,6,2,9,58.33333333
1385,Suchitra,8,0,2,4,4,9,45
1384,Minoo,1,1,3,5,9,5,40
1385,Mala,10,2,2,6,0,1,35
1386,Padmini,7,4,4,7,6,6,56.66666667
1385,Helen,2,4,4,10,7,8,58.33333333
1386,Nanda,0,2,3,5,7,1,30
1387,Saira,9,3,4,2,2,7,45
1386,Jayanthi,7,7,2,10,0,2,46.66666667
1387,Farhan,9,6,0,3,0,5,38.33333333
1388,Purab,0,4,2,1,6,4,28.33333333
1387,Harshvardhan,4,10,7,9,5,1,60
1388,Ayushman,10,0,7,9,6,1,55
1389,Fawad,1,0,0,7,0,3,18.33333333
1388,Bobby,7,2,10,0,5,1,41.66666667
1389,Gulshan,3,8,6,8,0,3,46.66666667
1390,Himeshreshammiya,4,3,4,7,7,6,51.66666667
1389,Ieshaan,4,4,9,4,5,6,53.33333333
1390,Jackky,7,7,4,0,6,1,41.66666667
1391,Hema,10,4,9,8,3,0,56.66666667
1390,Raakhee,10,2,5,9,10,10,76.66666667
1391,Yogeeta,7,8,1,8,0,0,40
1392,Reena,10,3,2,2,0,10,45
1391,Vidya,1,2,1,3,3,3,21.66666667
1392,Ranjeeta,9,4,5,9,0,0,45
1393,Deepti,4,1,10,4,8,1,46.66666667
1392,Sridevi,8,7,5,6,3,4,55
1393,Vijayta,7,10,0,5,6,7,58.33333333
1394,Rati,8,3,10,7,3,3,56.66666667
1393,Salma,2,4,4,2,5,10,45
1394,Meenakshi,0,3,1,5,2,1,20
1395,Neelam,4,4,7,10,3,5,55
1394,Urmila,9,5,6,5,10,7,70
1395,Kartik,0,9,6,4,0,8,45
1396,Mahakshay,1,8,10,1,1,8,48.33333333
1395,Omi,3,2,2,0,4,7,30
1396,Neil nitin,2,9,10,0,5,9,58.33333333
1397,Priyadarshan,2,7,5,3,1,8,43.33333333
1396,Pulkit,8,5,7,3,8,7,63.33333333
1397,Rajkummar,5,7,0,9,9,7,61.66666667
1398,Ritesh,4,2,6,1,7,9,48.33333333
1397,Saif ali khan,1,10,10,9,4,8,70
1398,Sammir,3,5,2,4,2,0,26.66666667
1399,Shiney,7,5,6,5,4,7,56.66666667
1398,Sooraj,4,1,2,4,1,10,36.66666667
1399,Suniel,5,9,10,6,3,10,71.66666667
1400,Bipasha,8,3,4,6,7,8,60
1399,Isha,4,9,8,9,3,4,61.66666667
1400,Keerthi,3,3,4,9,3,3,41.66666667
1401,Sandali,0,4,6,8,9,2,48.33333333
1400,Monica,5,10,9,3,2,10,65
1401,Tanishaa,2,4,8,5,8,8,58.33333333
1402,Meher,9,0,9,6,2,0,43.33333333
1401,Manjari,5,2,9,7,2,6,51.66666667
1402,Dakshita,2,4,9,1,1,2,31.66666667
1403,Eshan,9,3,7,1,9,0,48.33333333
1402,Meenu,3,5,1,5,1,10,41.66666667
1403,Jyostna,8,10,8,8,5,2,68.33333333
1404,Tamannaah,9,5,5,6,7,5,61.66666667
1403,Amol,4,2,2,2,3,8,35
1404,Sumeet,4,9,0,9,0,1,38.33333333
1405,Ishwak,9,4,2,10,1,5,51.66666667
1404,Aahana,1,1,3,8,9,6,46.66666667
1405,Yashaswini,8,5,10,7,4,9,71.66666667
1406,Aisha,8,1,6,8,8,1,53.33333333
1405,Maanvi,9,8,3,1,4,9,56.66666667
1406,Hansika,9,3,3,9,8,3,58.33333333
1407,Richa,0,6,3,5,2,2,30
1406,Sandeepa,2,10,1,2,3,6,40
1407,Parineeti,5,5,1,10,4,6,51.66666667
1408,Huma,8,10,0,0,10,0,46.66666667
1407,Iieana,8,0,4,3,8,3,43.33333333
1408,Amy,3,3,2,6,9,0,38.33333333
1409,Taapsee,5,1,3,5,8,9,51.66666667
1408,Lisa,0,6,9,4,9,6,56.66666667
1409,Athiya,1,6,3,10,1,4,41.66666667
1410,Mawara,4,0,4,4,1,3,26.66666667
1409,Ritika,10,4,7,5,1,8,58.33333333
1410,Janhvi,10,2,6,3,4,2,45
1411,Tripti,5,1,0,8,4,8,43.33333333
1410,Tara,6,10,2,3,10,5,60
1411,Mrunal,2,4,3,9,5,8,51.66666667
1412,Alaya,7,5,1,2,9,3,45
1411,Tejashri,4,5,8,8,2,3,50
1412,Arina,7,0,1,6,0,4,30
1413,Rajsi,5,3,6,10,8,10,70
1412,Anil,8,0,0,3,0,1,20
1413,Angira,6,3,9,4,7,7,60
1414,Bhuvan,9,4,6,4,9,1,55
1413,Chinmay,3,5,5,5,8,10,60
1414,Visshesh,3,0,6,8,8,3,46.66666667
1415,Deepesh,8,0,3,9,4,0,40
1414,Nimrat,0,7,8,0,0,0,25
1415,Kishwer,0,5,1,10,7,1,40
1416,Vrushika,10,1,8,0,3,8,50
1415,Mallika,8,8,7,8,9,2,70
1416,Sudev,7,9,5,8,8,1,63.33333333
1417,GagandevËœ,2,6,10,6,4,2,50
1416,Mithila,0,10,4,5,0,5,40
1417,Tahir,2,2,7,5,4,8,46.66666667
1418,Alekh,8,4,2,3,9,2,46.66666667
1417,Raghu,7,4,8,2,3,7,51.66666667
1418,Raunak,8,7,5,1,3,4,46.66666667
1419,Nidhi,5,1,4,3,6,0,31.66666667
1418,Tridha,3,1,3,6,6,9,46.66666667
1419,Nehal,5,9,0,0,10,8,53.33333333
1420,Jinnie,9,8,4,0,0,7,46.66666667
1419,Shiny,2,1,6,5,10,3,45
1420,Supriya,8,4,0,0,2,2,26.66666667
1421,Iira,8,0,10,10,3,3,56.66666667
1420,Manvi,9,5,10,5,5,0,56.66666667
1421,Sanni,2,8,10,10,9,9,80
1422,Hansi,6,10,0,4,3,10,55
1421,priyal,2,2,7,10,3,1,41.66666667
1422,Marina,6,0,7,7,0,1,35
1423,Veronica,7,2,0,8,7,10,56.66666667
1422,Tanima,7,8,2,6,8,3,56.66666667
1423,Gehana,8,1,2,9,2,6,46.66666667
1424,Neethu,3,3,1,0,3,10,33.33333333
1423,Nagma,6,2,2,5,2,2,31.66666667
1424,Flora,6,1,5,5,10,9,60
1425,Aarohi,3,2,4,10,4,6,48.33333333
1424,Kavya,9,7,5,7,2,10,66.66666667
1425,Anusmriti,1,4,9,0,7,2,38.33333333
1426,Mahi,6,0,1,4,5,6,36.66666667
1425,Aastha,9,3,9,6,10,0,61.66666667
1426,Prerika,3,3,1,5,3,5,33.33333333
1427,Pihu,9,8,5,9,6,7,73.33333333
1426,Prerna,2,2,1,8,10,9,53.33333333
1427,Raja,0,2,10,1,9,5,45
1428,Lokesh,0,8,6,4,8,5,51.66666667
1427,Chand,9,1,2,9,5,1,45
1428,Baljeet,8,1,6,4,8,0,45
1429,Dheeraj,6,3,2,0,3,6,33.33333333
1428,Chandan,3,9,0,10,2,4,46.66666667
1429,Laxman,0,1,6,6,5,3,35
1430,Jaidev,6,2,4,1,8,4,41.66666667
1429,Tarun,8,8,1,2,5,4,46.66666667
1430,Radhey,0,10,4,10,2,10,60
1431,Pradeep,6,9,0,0,9,5,48.33333333
1430,Nitish,6,1,4,5,4,2,36.66666667
1431,Aftab,5,7,4,7,1,10,56.66666667
1432,Vikramjeet,10,0,5,9,1,10,58.33333333
1431,Meena,7,10,2,6,7,8,66.66666667
1432,Ganga,9,7,6,2,9,3,60
1433,Madhuri,6,3,1,3,6,1,33.33333333
1432,Harprit,4,6,2,3,5,3,38.33333333
1433,Rubina,5,5,4,5,10,3,53.33333333
1434,Kamla,2,5,4,9,5,7,53.33333333
